{"cameraMode":{"drawMode":0,"name":"Shaded","section":"Shading Mode"},"sceneLighting":false,"audioPlay":false,"sceneViewState":{"m_AlwaysRefresh":false,"showFog":true,"showSkybox":true,"showFlares":true,"showImageEffects":true,"showParticleSystems":true,"showVisualEffectGraphs":true,"m_FxEnabled":true},"in2DMode":false,"pivot":{"x":1.1352832317352296,"y":-1.9993438720703126,"z":-2.0484390258789064},"rotation":{"x":0.21779368817806245,"y":0.054130539298057559,"z":-0.012125184759497643,"w":0.9744282960891724},"size":6.901515007019043,"orthographic":false}