{"cameraMode":{"drawMode":0,"name":"Shaded","section":"Shading Mode"},"sceneLighting":false,"audioPlay":false,"sceneViewState":{"m_AlwaysRefresh":false,"showFog":true,"showSkybox":true,"showFlares":true,"showImageEffects":true,"showParticleSystems":true,"showVisualEffectGraphs":true,"m_FxEnabled":true},"in2DMode":false,"pivot":{"x":1.1352832317352296,"y":-1.9993438720703126,"z":-2.0484390258789064},"rotation":{"x":0.3574569821357727,"y":0.07830894738435745,"z":-0.03011816181242466,"w":0.9301631450653076},"size":11.180339813232422,"orthographic":false}