{"cameraMode":{"drawMode":0,"name":"Shaded","section":"Shading Mode"},"sceneLighting":false,"audioPlay":false,"sceneViewState":{"m_AlwaysRefresh":false,"showFog":true,"showSkybox":true,"showFlares":true,"showImageEffects":true,"showParticleSystems":true,"showVisualEffectGraphs":true,"m_FxEnabled":true},"in2DMode":false,"pivot":{"x":-1.7168316841125489,"y":3.0054752826690676,"z":2.9598541259765627},"rotation":{"x":-0.00960362795740366,"y":-0.002999973949044943,"z":-0.00005527999746846035,"w":0.9999591112136841},"size":6.735499858856201,"orthographic":false}