{"cameraMode":{"drawMode":0,"name":"Shaded","section":"Shading Mode"},"sceneLighting":true,"audioPlay":false,"sceneViewState":{"m_AlwaysRefresh":false,"showFog":true,"showSkybox":true,"showFlares":true,"showImageEffects":true,"showParticleSystems":true,"showVisualEffectGraphs":true,"m_FxEnabled":true},"in2DMode":false,"pivot":{"x":0.09535658359527588,"y":2.549990653991699,"z":4.437833786010742},"rotation":{"x":0.026385121047496797,"y":-0.026989659294486047,"z":0.0006855439860373735,"w":0.9992952346801758},"size":7.113542556762695,"orthographic":false}